timestamp,level,service,message
2026-04-22 09:00:00,ERROR,payroll,Transaction failed
2026-04-22 09:00:20,INFO,erp,System running normally
2026-04-22 09:00:24,WARN,auth,Multiple failed login attempts
2026-04-22 09:00:24,WARN,db,High memory usage
2026-04-22 09:00:44,WARN,security,Multiple failed login attempts
2026-04-22 09:01:05,ERROR,auth,Database timeout
2026-04-22 09:01:12,INFO,auth,System running normally
2026-04-22 09:00:42,INFO,auth,Service restarted
2026-04-22 09:01:28,WARN,system,Network latency high
2026-04-22 09:02:24,INFO,system,Batch job completed
2026-04-22 09:03:20,INFO,system,Batch job completed
2026-04-22 09:03:07,WARN,network,Network latency high
2026-04-22 09:02:24,WARN,network,Disk nearing capacity
2026-04-22 09:03:28,WARN,system,Disk nearing capacity
2026-04-22 09:03:02,INFO,db,System running normally
2026-04-22 09:03:30,INFO,payment,Service restarted
2026-04-22 09:02:24,INFO,erp,Transaction processed
2026-04-22 09:05:06,INFO,payment,Batch job completed
2026-04-22 09:05:42,INFO,payment,Batch job completed
2026-04-22 09:03:10,INFO,erp,System running normally
2026-04-22 09:04:20,ERROR,system,Payment API failure
2026-04-22 09:03:09,ERROR,db,Transaction failed
2026-04-22 09:06:36,INFO,system,Service restarted
2026-04-22 09:04:59,INFO,auth,Batch job completed
2026-04-22 09:03:12,INFO,db,Batch job completed
2026-04-22 09:05:25,ERROR,erp,Payment API failure
2026-04-22 09:08:14,ERROR,security,Database timeout
2026-04-22 09:05:24,INFO,auth,Transaction processed
2026-04-22 09:03:16,WARN,erp,Multiple failed login attempts
2026-04-22 09:02:25,INFO,auth,Service restarted
2026-04-22 09:09:00,INFO,system,Batch job completed
2026-04-22 09:06:43,WARN,payment,Multiple failed login attempts
2026-04-22 09:03:12,INFO,erp,Transaction processed
2026-04-22 09:03:51,WARN,db,Suspicious IP detected
2026-04-22 09:10:46,ERROR,security,Transaction failed
2026-04-22 09:09:55,ERROR,security,Transaction failed
2026-04-22 09:03:36,INFO,erp,Transaction processed
2026-04-22 09:04:56,INFO,system,User login successful
2026-04-22 09:10:08,WARN,network,High memory usage
2026-04-22 09:09:06,WARN,payroll,Disk nearing capacity
2026-04-22 09:03:20,INFO,system,Transaction processed
2026-04-22 09:07:31,INFO,db,Transaction processed
2026-04-22 09:04:54,WARN,auth,Multiple failed login attempts
2026-04-22 09:10:02,ERROR,db,Unauthorized access attempt
2026-04-22 09:08:04,WARN,system,Disk nearing capacity
2026-04-22 09:13:30,WARN,auth,Multiple failed login attempts
2026-04-22 09:07:40,INFO,auth,User login successful
2026-04-22 09:14:53,INFO,security,Service restarted
2026-04-22 09:14:24,INFO,network,Batch job completed
2026-04-22 09:05:43,ERROR,network,Database timeout
2026-04-22 09:12:30,INFO,payroll,User login successful
2026-04-22 09:12:45,INFO,system,Batch job completed
2026-04-22 09:11:16,ERROR,system,Payment API failure
2026-04-22 09:06:11,INFO,system,User login successful
2026-04-22 09:15:18,INFO,erp,Service restarted
2026-04-22 09:07:20,INFO,db,Transaction processed
2026-04-22 09:04:40,INFO,payment,Batch job completed
2026-04-22 09:09:30,INFO,payroll,System running normally
2026-04-22 09:15:28,ERROR,network,Database timeout
2026-04-22 09:04:55,INFO,security,Batch job completed
2026-04-22 09:09:00,WARN,system,Disk nearing capacity
2026-04-22 09:12:12,INFO,erp,Batch job completed
2026-04-22 09:17:34,ERROR,system,Database timeout
2026-04-22 09:08:24,WARN,system,Multiple failed login attempts
2026-04-22 09:10:40,INFO,system,Transaction processed
2026-04-22 09:21:40,ERROR,system,Transaction failed
2026-04-22 09:22:00,WARN,erp,Network latency high
2026-04-22 09:21:13,INFO,db,System running normally
2026-04-22 09:22:40,INFO,payroll,User login successful
2026-04-22 09:08:03,ERROR,system,Transaction failed
2026-04-22 09:19:50,ERROR,system,Transaction failed
2026-04-22 09:14:12,INFO,security,Service restarted
2026-04-22 09:19:12,WARN,system,Network latency high
2026-04-22 09:13:23,INFO,security,Service restarted
2026-04-22 09:17:16,ERROR,system,Unauthorized access attempt
2026-04-22 09:25:00,ERROR,db,Payment API failure
2026-04-22 09:25:20,ERROR,payment,Payment API failure
2026-04-22 09:23:06,WARN,payroll,High memory usage
2026-04-22 09:19:30,INFO,auth,System running normally
2026-04-22 09:15:48,WARN,db,High memory usage
2026-04-22 09:21:20,WARN,payroll,Disk nearing capacity
2026-04-22 09:08:06,WARN,erp,Network latency high
2026-04-22 09:15:02,ERROR,network,Connection pool exhausted
2026-04-22 09:13:50,ERROR,db,Connection pool exhausted
2026-04-22 09:07:00,WARN,db,High memory usage
2026-04-22 09:09:55,ERROR,auth,Transaction failed
2026-04-22 09:08:36,WARN,network,Multiple failed login attempts
2026-04-22 09:26:06,WARN,system,High memory usage
2026-04-22 09:14:40,ERROR,system,Payment API failure
2026-04-22 09:19:17,ERROR,system,Payment API failure
2026-04-22 09:12:00,WARN,network,Network latency high
2026-04-22 09:27:18,INFO,erp,User login successful
2026-04-22 09:09:12,INFO,erp,Service restarted
2026-04-22 09:24:48,INFO,network,Service restarted
2026-04-22 09:09:24,INFO,security,Transaction processed
2026-04-22 09:14:15,WARN,security,Disk nearing capacity
2026-04-22 09:12:48,ERROR,payment,Database timeout
2026-04-22 09:32:20,INFO,db,Batch job completed
2026-04-22 09:32:40,ERROR,security,Payment API failure
2026-04-22 09:11:33,INFO,payment,System running normally
2026-04-22 09:10:00,WARN,network,High memory usage
2026-04-22 09:25:15,INFO,erp,Transaction processed
2026-04-22 09:23:48,INFO,network,User login successful
2026-04-22 09:12:01,WARN,payroll,Disk nearing capacity
2026-04-22 09:34:40,INFO,security,Batch job completed
2026-04-22 09:31:30,WARN,security,Multiple failed login attempts
2026-04-22 09:24:44,WARN,system,High memory usage
2026-04-22 09:21:24,WARN,payment,Suspicious IP detected
2026-04-22 09:32:24,WARN,network,High memory usage
2026-04-22 09:25:26,WARN,payroll,Suspicious IP detected
2026-04-22 09:09:10,INFO,payment,User login successful
2026-04-22 09:24:03,ERROR,payroll,Connection pool exhausted
2026-04-22 09:29:52,ERROR,payment,Connection pool exhausted
2026-04-22 09:18:50,WARN,security,Multiple failed login attempts
2026-04-22 09:20:54,ERROR,network,Unauthorized access attempt
2026-04-22 09:19:10,INFO,erp,System running normally
2026-04-22 09:29:00,ERROR,erp,Connection pool exhausted
2026-04-22 09:35:06,INFO,payroll,Service restarted
2026-04-22 09:27:32,WARN,network,Suspicious IP detected
2026-04-22 09:33:43,WARN,db,Multiple failed login attempts
2026-04-22 09:20:00,WARN,db,Network latency high
2026-04-22 09:38:19,WARN,auth,Suspicious IP detected
2026-04-22 09:26:26,WARN,db,Disk nearing capacity
2026-04-22 09:36:54,ERROR,erp,Transaction failed
2026-04-22 09:12:24,INFO,auth,Batch job completed
2026-04-22 09:25:00,ERROR,erp,Database timeout
2026-04-22 09:35:42,ERROR,payroll,Transaction failed
2026-04-22 09:35:59,INFO,network,Transaction processed
2026-04-22 09:38:24,INFO,payroll,System running normally
2026-04-22 09:32:15,INFO,auth,Transaction processed
2026-04-22 09:36:50,WARN,auth,High memory usage
2026-04-22 09:21:50,ERROR,payment,Transaction failed
2026-04-22 09:26:24,INFO,auth,Transaction processed
2026-04-22 09:17:44,INFO,payment,User login successful
2026-04-22 09:33:30,WARN,erp,Suspicious IP detected
2026-04-22 09:11:15,ERROR,payment,Transaction failed
2026-04-22 09:31:44,INFO,network,System running normally
2026-04-22 09:29:41,INFO,payment,Transaction processed
2026-04-22 09:23:00,INFO,payment,Batch job completed
2026-04-22 09:18:32,ERROR,payment,Transaction failed
2026-04-22 09:42:00,ERROR,db,Unauthorized access attempt
2026-04-22 09:32:54,WARN,auth,Multiple failed login attempts
2026-04-22 09:14:12,INFO,auth,Batch job completed
2026-04-22 09:19:04,INFO,payroll,Transaction processed
2026-04-22 09:48:00,ERROR,erp,Connection pool exhausted
2026-04-22 09:43:30,INFO,system,Transaction processed
2026-04-22 09:36:30,ERROR,network,Unauthorized access attempt
2026-04-22 09:17:09,ERROR,erp,Payment API failure
2026-04-22 09:39:28,WARN,network,Multiple failed login attempts
2026-04-22 09:22:21,ERROR,network,Unauthorized access attempt
2026-04-22 09:22:30,ERROR,security,Unauthorized access attempt
2026-04-22 09:12:35,INFO,network,Transaction processed
2026-04-22 09:32:56,INFO,auth,Batch job completed
2026-04-22 09:25:30,INFO,db,System running normally
2026-04-22 09:46:12,INFO,payment,User login successful
2026-04-22 09:41:20,WARN,system,Network latency high
2026-04-22 09:20:48,ERROR,payment,Database timeout
2026-04-22 09:23:33,INFO,network,User login successful
2026-04-22 09:31:36,INFO,security,Service restarted
2026-04-22 09:13:15,ERROR,db,Transaction failed
2026-04-22 09:48:00,WARN,payment,Suspicious IP detected
2026-04-22 09:16:06,WARN,security,Suspicious IP detected
2026-04-22 09:43:12,INFO,db,User login successful
2026-04-22 09:27:10,INFO,network,User login successful
2026-04-22 09:27:20,ERROR,network,Transaction failed
2026-04-22 09:49:30,INFO,network,System running normally
2026-04-22 09:33:12,WARN,auth,Network latency high
2026-04-22 09:52:53,WARN,db,High memory usage
2026-04-22 09:44:48,INFO,erp,Batch job completed
2026-04-22 09:22:32,WARN,payment,Suspicious IP detected
2026-04-22 09:51:00,WARN,auth,Suspicious IP detected
2026-04-22 09:37:03,INFO,security,Batch job completed
2026-04-22 09:28:40,INFO,payroll,System running normally
2026-04-22 09:54:47,ERROR,payroll,Transaction failed
2026-04-22 09:14:30,INFO,erp,Transaction processed
2026-04-22 09:17:30,INFO,network,Service restarted
2026-04-22 09:17:36,INFO,payroll,Service restarted
2026-04-22 09:38:21,INFO,system,System running normally
2026-04-22 09:50:26,WARN,db,Multiple failed login attempts
2026-04-22 09:59:40,ERROR,system,Connection pool exhausted
2026-04-22 09:54:00,ERROR,payment,Connection pool exhausted
2026-04-22 09:30:10,WARN,auth,Multiple failed login attempts
2026-04-22 09:36:24,WARN,network,Network latency high
2026-04-22 09:45:45,INFO,erp,Service restarted
2026-04-22 09:42:56,WARN,payment,Disk nearing capacity
2026-04-22 09:43:10,ERROR,db,Connection pool exhausted
2026-04-22 09:43:24,WARN,payroll,Disk nearing capacity
2026-04-22 09:40:31,ERROR,payment,Transaction failed
2026-04-22 09:43:52,WARN,erp,Multiple failed login attempts
2026-04-22 09:34:39,INFO,security,Batch job completed
2026-04-22 10:00:10,INFO,erp,User login successful
2026-04-22 09:47:45,WARN,payment,Network latency high
2026-04-22 09:57:36,ERROR,db,Unauthorized access attempt
2026-04-22 09:19:18,WARN,db,Disk nearing capacity
2026-04-22 09:25:52,INFO,payment,System running normally
2026-04-22 09:26:00,WARN,security,Network latency high
2026-04-22 10:02:04,ERROR,security,Payment API failure
2026-04-22 09:32:50,ERROR,payment,Transaction failed
2026-04-22 09:26:24,ERROR,payment,Connection pool exhausted
2026-04-22 09:49:45,ERROR,db,Transaction failed
2026-04-22 09:33:20,INFO,security,Transaction processed
2026-04-22 09:36:51,WARN,payment,Suspicious IP detected
2026-04-22 09:57:14,WARN,auth,Disk nearing capacity
2026-04-22 09:40:36,WARN,auth,Suspicious IP detected
2026-04-22 10:04:36,WARN,system,Multiple failed login attempts
2026-04-22 10:08:20,ERROR,payroll,Payment API failure
2026-04-22 09:51:30,INFO,system,User login successful
2026-04-22 09:31:03,ERROR,erp,Database timeout
2026-04-22 09:34:40,INFO,db,Batch job completed
2026-04-22 10:02:42,ERROR,system,Connection pool exhausted
2026-04-22 09:28:00,ERROR,security,Database timeout
2026-04-22 09:45:43,WARN,db,Suspicious IP detected
2026-04-22 09:49:28,INFO,payroll,Service restarted
2026-04-22 09:24:51,WARN,erp,Suspicious IP detected
2026-04-22 09:39:14,ERROR,erp,Transaction failed
2026-04-22 09:53:45,INFO,payment,User login successful
2026-04-22 09:46:48,ERROR,auth,Transaction failed
2026-04-22 09:43:24,WARN,erp,Network latency high
2026-04-22 09:29:04,WARN,security,Multiple failed login attempts
2026-04-22 09:21:54,ERROR,security,Database timeout
2026-04-22 10:13:20,WARN,payroll,Disk nearing capacity
2026-04-22 09:29:28,ERROR,auth,Payment API failure
2026-04-22 09:48:06,INFO,payroll,System running normally
2026-04-22 10:03:11,WARN,security,Disk nearing capacity
2026-04-22 09:41:04,INFO,auth,System running normally
2026-04-22 10:11:15,ERROR,security,Transaction failed
2026-04-22 10:04:02,INFO,auth,Batch job completed
2026-04-22 09:34:03,INFO,auth,Transaction processed
2026-04-22 09:53:12,WARN,network,High memory usage
2026-04-22 09:34:21,ERROR,auth,Connection pool exhausted
2026-04-22 10:05:10,INFO,payroll,System running normally
2026-04-22 09:38:30,INFO,system,Transaction processed
2026-04-22 09:46:24,INFO,db,Transaction processed
2026-04-22 09:23:18,INFO,system,User login successful
2026-04-22 10:06:18,INFO,payroll,Transaction processed
2026-04-22 10:10:30,ERROR,db,Unauthorized access attempt
2026-04-22 09:51:08,ERROR,payroll,Database timeout
2026-04-22 10:03:12,INFO,payroll,System running normally
2026-04-22 09:51:34,WARN,system,Network latency high
2026-04-22 10:15:41,ERROR,payroll,Connection pool exhausted
2026-04-22 10:12:00,WARN,erp,High memory usage
2026-04-22 09:28:07,WARN,db,Suspicious IP detected
2026-04-22 10:00:30,ERROR,network,Connection pool exhausted
2026-04-22 10:00:45,INFO,auth,Transaction processed
2026-04-22 10:17:16,INFO,erp,Transaction processed
2026-04-22 10:13:30,WARN,system,Multiple failed login attempts
2026-04-22 10:01:30,WARN,auth,Disk nearing capacity
2026-04-22 10:22:20,ERROR,network,Payment API failure
2026-04-22 10:10:16,INFO,db,User login successful
2026-04-22 10:18:51,ERROR,payment,Payment API failure
2026-04-22 09:25:00,ERROR,system,Connection pool exhausted
2026-04-22 09:50:12,ERROR,security,Transaction failed
2026-04-22 09:54:36,ERROR,erp,Payment API failure
2026-04-22 10:24:20,WARN,network,Multiple failed login attempts
2026-04-22 09:38:06,INFO,payroll,User login successful
2026-04-22 09:34:00,ERROR,db,Transaction failed
2026-04-22 10:21:04,ERROR,system,Unauthorized access attempt
2026-04-22 09:47:07,WARN,payroll,Network latency high
2026-04-22 09:47:18,ERROR,erp,Payment API failure
2026-04-22 09:30:13,INFO,erp,Service restarted
2026-04-22 09:34:40,INFO,erp,System running normally
2026-04-22 10:05:15,WARN,payroll,Suspicious IP detected
2026-04-22 10:09:52,INFO,auth,User login successful
2026-04-22 09:30:41,WARN,payment,Suspicious IP detected
2026-04-22 09:52:48,WARN,security,High memory usage
2026-04-22 09:35:20,INFO,payroll,User login successful
2026-04-22 09:26:36,ERROR,erp,Unauthorized access attempt
2026-04-22 09:26:42,WARN,network,High memory usage
2026-04-22 09:49:08,ERROR,payroll,Unauthorized access attempt
2026-04-22 09:44:50,INFO,security,Service restarted
2026-04-22 09:58:30,INFO,payment,Service restarted
2026-04-22 10:30:20,INFO,auth,Service restarted
2026-04-22 09:45:20,WARN,system,Disk nearing capacity
2026-04-22 09:22:45,ERROR,network,Connection pool exhausted
2026-04-22 10:22:12,INFO,payroll,Batch job completed
2026-04-22 09:50:25,WARN,erp,High memory usage
2026-04-22 09:59:48,WARN,erp,Network latency high
2026-04-22 09:46:10,INFO,auth,Transaction processed
2026-04-22 09:50:58,ERROR,network,Transaction failed
2026-04-22 09:37:12,INFO,erp,System running normally
2026-04-22 10:33:20,WARN,system,Multiple failed login attempts
2026-04-22 09:32:47,WARN,erp,Suspicious IP detected
2026-04-22 09:32:54,INFO,network,Batch job completed
2026-04-22 10:15:28,INFO,security,Transaction processed
2026-04-22 10:29:56,WARN,security,Disk nearing capacity
2026-04-22 09:52:15,INFO,network,User login successful
2026-04-22 10:01:58,ERROR,auth,Transaction failed
2026-04-22 09:52:37,ERROR,network,Payment API failure
2026-04-22 10:07:12,ERROR,system,Database timeout
2026-04-22 10:21:53,ERROR,security,Connection pool exhausted
2026-04-22 09:29:00,INFO,auth,User login successful
2026-04-22 10:22:27,INFO,system,Batch job completed
2026-04-22 09:38:56,WARN,payroll,Suspicious IP detected
2026-04-22 10:32:47,ERROR,network,Transaction failed
2026-04-22 09:39:12,WARN,security,Network latency high
2026-04-22 09:24:35,WARN,payment,Network latency high
2026-04-22 10:04:08,INFO,db,Service restarted
2026-04-22 10:29:06,ERROR,payment,Transaction failed
2026-04-22 09:29:48,WARN,erp,Network latency high
2026-04-22 09:44:51,ERROR,auth,Connection pool exhausted
2026-04-22 10:00:00,WARN,payment,Multiple failed login attempts
2026-04-22 09:30:06,ERROR,security,Connection pool exhausted
2026-04-22 09:40:16,ERROR,payment,Connection pool exhausted
2026-04-22 09:30:18,WARN,erp,Multiple failed login attempts
2026-04-22 09:25:20,INFO,erp,Transaction processed
2026-04-22 10:36:35,ERROR,payment,Unauthorized access attempt
2026-04-22 10:31:48,ERROR,erp,Payment API failure
2026-04-22 10:42:20,INFO,network,Transaction processed
2026-04-22 09:35:56,ERROR,payroll,Unauthorized access attempt
2026-04-22 09:51:30,INFO,security,Service restarted
2026-04-22 10:38:10,INFO,security,Batch job completed
2026-04-22 10:38:29,INFO,erp,Batch job completed
2026-04-22 09:36:24,WARN,auth,Network latency high
2026-04-22 10:07:49,ERROR,security,Unauthorized access attempt
2026-04-22 09:57:34,ERROR,erp,Unauthorized access attempt
2026-04-22 10:13:30,ERROR,auth,Transaction failed
2026-04-22 10:24:16,WARN,auth,Network latency high
2026-04-22 09:36:59,WARN,db,Multiple failed login attempts
2026-04-22 10:14:12,WARN,auth,Network latency high
2026-04-22 10:03:48,ERROR,erp,Transaction failed
2026-04-22 09:48:00,WARN,security,Multiple failed login attempts
2026-04-22 09:42:48,WARN,payroll,Disk nearing capacity
2026-04-22 09:26:50,WARN,db,Disk nearing capacity
2026-04-22 10:31:31,WARN,security,High memory usage
2026-04-22 09:54:00,INFO,erp,Batch job completed
2026-04-22 10:05:00,WARN,payment,High memory usage
2026-04-22 10:43:14,ERROR,payroll,Database timeout
2026-04-22 09:43:36,WARN,erp,Network latency high
2026-04-22 09:27:20,ERROR,security,Transaction failed
2026-04-22 10:00:19,WARN,db,Suspicious IP detected
2026-04-22 09:55:00,ERROR,system,Database timeout
2026-04-22 10:28:16,INFO,network,System running normally
2026-04-22 10:39:36,WARN,network,Suspicious IP detected
2026-04-22 10:51:00,WARN,network,Multiple failed login attempts
2026-04-22 10:06:48,ERROR,network,Unauthorized access attempt
2026-04-22 09:39:05,WARN,security,Network latency high
2026-04-22 09:44:48,ERROR,db,Payment API failure
2026-04-22 09:50:33,WARN,payroll,High memory usage
2026-04-22 10:35:46,ERROR,system,Connection pool exhausted
2026-04-22 09:45:12,INFO,payment,Transaction processed
2026-04-22 10:30:40,ERROR,db,Database timeout
2026-04-22 10:47:59,WARN,network,Multiple failed login attempts
2026-04-22 10:42:36,WARN,payroll,Multiple failed login attempts
2026-04-22 10:54:20,WARN,network,Multiple failed login attempts
2026-04-22 10:37:28,WARN,erp,Multiple failed login attempts
2026-04-22 09:57:30,ERROR,security,Connection pool exhausted
2026-04-22 10:26:30,WARN,network,Suspicious IP detected
2026-04-22 10:20:58,INFO,security,Transaction processed
2026-04-22 10:44:24,ERROR,auth,Payment API failure
2026-04-22 09:46:32,WARN,db,Network latency high
2026-04-22 10:27:30,INFO,auth,System running normally
2026-04-22 09:29:15,WARN,system,Disk nearing capacity
2026-04-22 09:35:12,ERROR,auth,Connection pool exhausted
2026-04-22 10:40:01,ERROR,payment,Unauthorized access attempt
2026-04-22 09:35:24,ERROR,payment,Unauthorized access attempt
2026-04-22 10:58:20,WARN,system,Multiple failed login attempts
2026-04-22 10:11:12,ERROR,system,Transaction failed
2026-04-22 09:59:30,INFO,network,Service restarted
2026-04-22 10:11:36,ERROR,system,Transaction failed
2026-04-22 10:17:47,ERROR,security,Transaction failed
2026-04-22 10:24:00,INFO,security,Batch job completed
2026-04-22 09:42:07,WARN,erp,Multiple failed login attempts
2026-04-22 10:54:38,WARN,payroll,High memory usage
2026-04-22 09:30:15,WARN,payroll,Network latency high
2026-04-22 10:12:48,WARN,db,Multiple failed login attempts
2026-04-22 10:55:35,INFO,payment,Service restarted
2026-04-22 10:07:06,ERROR,payroll,Payment API failure
2026-04-22 10:31:45,INFO,erp,Batch job completed
2026-04-22 09:49:04,ERROR,network,Connection pool exhausted
2026-04-22 09:36:54,ERROR,security,Payment API failure
2026-04-22 10:20:10,WARN,payroll,Suspicious IP detected
2026-04-22 09:30:55,INFO,system,Transaction processed
2026-04-22 09:43:24,WARN,erp,Disk nearing capacity
2026-04-22 10:20:49,WARN,network,Disk nearing capacity
2026-04-22 10:52:12,INFO,security,Batch job completed
2026-04-22 10:40:00,WARN,erp,Multiple failed login attempts
2026-04-22 09:37:36,INFO,system,Service restarted
2026-04-22 10:59:23,WARN,db,Multiple failed login attempts
2026-04-22 10:21:54,INFO,payment,Transaction processed
2026-04-22 09:44:13,ERROR,security,Transaction failed
2026-04-22 10:35:00,ERROR,auth,Connection pool exhausted
2026-04-22 10:35:15,ERROR,erp,Unauthorized access attempt
2026-04-22 11:07:20,WARN,system,Network latency high
2026-04-22 10:42:08,INFO,auth,System running normally
2026-04-22 10:29:36,INFO,payment,Transaction processed
2026-04-22 10:04:10,WARN,payroll,Suspicious IP detected
2026-04-22 09:57:54,ERROR,db,Connection pool exhausted
2026-04-22 10:49:39,WARN,auth,Multiple failed login attempts
2026-04-22 10:30:32,WARN,auth,Network latency high
2026-04-22 11:03:11,WARN,payroll,Multiple failed login attempts
2026-04-22 10:05:00,WARN,erp,Disk nearing capacity
2026-04-22 10:50:47,WARN,payment,Network latency high
2026-04-22 10:11:52,ERROR,db,Connection pool exhausted
2026-04-22 10:05:30,INFO,auth,Transaction processed
2026-04-22 10:58:12,INFO,network,System running normally
2026-04-22 10:51:55,WARN,payment,Multiple failed login attempts
2026-04-22 10:19:12,WARN,db,Disk nearing capacity
2026-04-22 10:26:01,INFO,security,Batch job completed
2026-04-22 09:46:26,INFO,auth,User login successful
2026-04-22 10:19:48,WARN,erp,Disk nearing capacity
2026-04-22 11:00:00,WARN,erp,Suspicious IP detected
2026-04-22 10:13:31,INFO,db,Batch job completed
2026-04-22 09:33:30,WARN,network,Network latency high
2026-04-22 09:53:44,WARN,auth,Disk nearing capacity
2026-04-22 10:47:44,WARN,payroll,High memory usage
2026-04-22 10:14:15,INFO,network,Batch job completed
2026-04-22 10:55:02,ERROR,system,Payment API failure
2026-04-22 10:14:37,ERROR,erp,Transaction failed
2026-04-22 11:16:00,INFO,payment,Service restarted
2026-04-22 09:47:43,ERROR,system,Payment API failure
2026-04-22 10:15:10,INFO,auth,User login successful
2026-04-22 11:17:00,WARN,erp,Suspicious IP detected
2026-04-22 10:36:08,INFO,security,Service restarted
2026-04-22 10:08:50,INFO,payment,Transaction processed
2026-04-22 11:04:12,ERROR,network,Database timeout
2026-04-22 11:11:25,WARN,db,Network latency high
2026-04-22 10:44:00,INFO,payment,Transaction processed
2026-04-22 10:51:12,ERROR,db,Unauthorized access attempt
2026-04-22 10:44:30,INFO,erp,System running normally
2026-04-22 09:34:55,WARN,payroll,Network latency high
2026-04-22 11:20:00,ERROR,db,Connection pool exhausted
2026-04-22 10:10:10,WARN,security,High memory usage
2026-04-22 10:10:20,WARN,security,Suspicious IP detected
2026-04-22 10:59:51,ERROR,erp,Database timeout
2026-04-22 11:14:16,ERROR,payroll,Payment API failure
2026-04-22 11:14:35,ERROR,security,Database timeout
2026-04-22 09:56:48,ERROR,auth,Transaction failed
2026-04-22 10:18:17,WARN,erp,Suspicious IP detected
2026-04-22 11:01:16,ERROR,system,Database timeout
2026-04-22 11:15:51,WARN,payroll,Disk nearing capacity
2026-04-22 10:33:10,INFO,security,Batch job completed
2026-04-22 11:16:29,WARN,db,Disk nearing capacity
2026-04-22 09:36:00,INFO,payment,Service restarted
2026-04-22 11:17:07,WARN,network,Suspicious IP detected
2026-04-22 10:48:30,ERROR,auth,Connection pool exhausted
2026-04-22 10:19:45,ERROR,erp,Connection pool exhausted
2026-04-22 10:27:12,INFO,system,System running normally
2026-04-22 11:18:23,ERROR,payroll,Unauthorized access attempt
2026-04-22 10:20:18,ERROR,network,Database timeout
2026-04-22 10:13:10,INFO,erp,System running normally
2026-04-22 11:26:40,WARN,payroll,High memory usage
2026-04-22 11:19:39,ERROR,auth,Database timeout
2026-04-22 11:19:58,INFO,network,Batch job completed
2026-04-22 09:51:41,INFO,system,Transaction processed
2026-04-22 10:14:00,INFO,security,Service restarted
2026-04-22 10:29:00,ERROR,system,Unauthorized access attempt
2026-04-22 09:59:28,ERROR,payment,Transaction failed
2026-04-22 09:44:42,ERROR,payment,Payment API failure
2026-04-22 09:59:44,ERROR,payroll,Unauthorized access attempt
2026-04-22 11:14:42,ERROR,system,Connection pool exhausted
2026-04-22 11:07:30,ERROR,db,Payment API failure
2026-04-22 10:22:41,INFO,system,User login successful
2026-04-22 09:45:12,INFO,payroll,Service restarted
2026-04-22 11:23:27,INFO,network,Batch job completed
2026-04-22 09:37:50,WARN,system,High memory usage
2026-04-22 11:31:40,WARN,payment,Suspicious IP detected
2026-04-22 11:24:24,INFO,system,Batch job completed
2026-04-22 10:31:24,INFO,security,User login successful
2026-04-22 11:02:08,ERROR,payment,Unauthorized access attempt
2026-04-22 09:53:33,INFO,auth,Transaction processed
2026-04-22 11:10:20,WARN,db,Network latency high
2026-04-22 11:18:18,INFO,system,System running normally
2026-04-22 11:03:12,WARN,network,Multiple failed login attempts
2026-04-22 09:54:01,ERROR,erp,Transaction failed
2026-04-22 10:32:48,ERROR,security,Payment API failure
2026-04-22 09:54:15,WARN,security,High memory usage
2026-04-22 09:46:36,ERROR,network,Unauthorized access attempt
2026-04-22 11:12:19,WARN,system,High memory usage
2026-04-22 10:25:48,WARN,auth,High memory usage
2026-04-22 09:46:54,ERROR,payment,Payment API failure
2026-04-22 10:18:20,WARN,security,Suspicious IP detected
2026-04-22 10:42:03,INFO,system,Batch job completed
2026-04-22 10:10:48,ERROR,erp,Payment API failure
2026-04-22 10:58:15,WARN,system,Suspicious IP detected
2026-04-22 10:19:00,INFO,system,System running normally
2026-04-22 11:38:20,INFO,payment,Transaction processed
2026-04-22 10:11:24,WARN,system,Multiple failed login attempts
2026-04-22 10:19:30,WARN,payroll,Suspicious IP detected
2026-04-22 10:51:32,WARN,db,Multiple failed login attempts
2026-04-22 10:03:52,INFO,network,Service restarted
2026-04-22 10:12:00,ERROR,auth,Connection pool exhausted
2026-04-22 11:24:18,ERROR,auth,Unauthorized access attempt
2026-04-22 11:08:32,INFO,db,Service restarted
2026-04-22 10:20:30,WARN,auth,Suspicious IP detected
2026-04-22 11:17:08,WARN,network,High memory usage
2026-04-22 10:45:05,ERROR,security,Connection pool exhausted
2026-04-22 11:25:48,ERROR,erp,Payment API failure
2026-04-22 09:40:35,ERROR,security,Payment API failure
2026-04-22 10:53:52,WARN,payment,Network latency high
2026-04-22 10:29:39,ERROR,security,Database timeout
2026-04-22 09:40:50,INFO,system,System running normally
2026-04-22 11:35:29,INFO,system,Transaction processed
2026-04-22 10:46:36,WARN,auth,High memory usage
2026-04-22 10:38:36,INFO,security,Transaction processed
2026-04-22 10:05:52,WARN,auth,Network latency high
2026-04-22 10:22:30,INFO,system,Batch job completed
2026-04-22 09:57:52,ERROR,security,Database timeout
2026-04-22 11:04:15,INFO,erp,Transaction processed
2026-04-22 10:06:24,ERROR,payroll,Transaction failed
2026-04-22 11:29:42,ERROR,system,Payment API failure
2026-04-22 11:13:20,WARN,payroll,High memory usage
2026-04-22 10:23:30,ERROR,payroll,Transaction failed
2026-04-22 11:22:14,WARN,payment,Disk nearing capacity
2026-04-22 09:50:18,ERROR,erp,Payment API failure
2026-04-22 11:22:48,INFO,network,System running normally
2026-04-22 09:42:05,ERROR,auth,Database timeout
2026-04-22 11:06:30,WARN,auth,Disk nearing capacity
2026-04-22 10:41:24,ERROR,security,Payment API failure
2026-04-22 11:40:52,INFO,security,User login successful
2026-04-22 09:42:25,INFO,security,User login successful
2026-04-22 09:42:30,INFO,payroll,Transaction processed
2026-04-22 11:41:49,ERROR,auth,Database timeout
2026-04-22 09:42:40,ERROR,security,Database timeout
2026-04-22 10:25:30,ERROR,security,Connection pool exhausted
2026-04-22 10:34:14,WARN,payment,Network latency high
2026-04-22 10:34:25,WARN,network,High memory usage
2026-04-22 09:51:36,INFO,security,System running normally
2026-04-22 09:43:05,WARN,security,Multiple failed login attempts
2026-04-22 10:52:14,WARN,security,Disk nearing capacity
2026-04-22 10:26:30,ERROR,payroll,Connection pool exhausted
2026-04-22 11:27:20,INFO,payment,Transaction processed
2026-04-22 10:52:53,WARN,auth,Suspicious IP detected
2026-04-22 10:44:24,WARN,network,Suspicious IP detected
2026-04-22 09:52:18,WARN,payment,High memory usage
2026-04-22 11:45:56,ERROR,erp,Database timeout
2026-04-22 10:53:45,ERROR,db,Database timeout
2026-04-22 11:11:30,ERROR,network,Unauthorized access attempt
2026-04-22 11:11:45,ERROR,system,Payment API failure
2026-04-22 10:01:36,ERROR,erp,Connection pool exhausted
2026-04-22 10:36:59,WARN,network,Network latency high
2026-04-22 11:12:30,WARN,network,Network latency high
2026-04-22 11:03:54,ERROR,system,Unauthorized access attempt
2026-04-22 11:57:20,WARN,payment,High memory usage
2026-04-22 11:39:54,ERROR,db,Payment API failure
2026-04-22 11:13:30,INFO,auth,Batch job completed
2026-04-22 11:13:45,INFO,db,User login successful
2026-04-22 10:20:24,INFO,security,User login successful
2026-04-22 10:02:39,ERROR,payment,Unauthorized access attempt
2026-04-22 11:50:22,INFO,erp,Service restarted
2026-04-22 10:38:49,WARN,payment,Suspicious IP detected
2026-04-22 09:54:00,ERROR,erp,Transaction failed
2026-04-22 10:57:13,INFO,system,User login successful
2026-04-22 12:00:40,ERROR,auth,Transaction failed
2026-04-22 10:30:30,INFO,system,Transaction processed
2026-04-22 10:21:36,INFO,db,System running normally
2026-04-22 11:07:10,WARN,system,Disk nearing capacity
2026-04-22 11:43:48,ERROR,payment,Unauthorized access attempt
2026-04-22 11:16:45,WARN,network,Suspicious IP detected
2026-04-22 09:54:48,ERROR,payroll,Unauthorized access attempt
2026-04-22 10:22:21,ERROR,payment,Transaction failed
2026-04-22 10:04:10,INFO,network,Service restarted
2026-04-22 11:45:18,WARN,payroll,Suspicious IP detected
2026-04-22 10:22:48,WARN,erp,Multiple failed login attempts
2026-04-22 11:55:07,WARN,erp,Network latency high
2026-04-22 11:36:58,INFO,security,Service restarted
2026-04-22 11:28:00,WARN,payroll,Multiple failed login attempts
2026-04-22 10:23:24,ERROR,auth,Connection pool exhausted
2026-04-22 11:09:58,INFO,db,Service restarted
2026-04-22 11:10:12,INFO,payment,Service restarted
2026-04-22 10:42:29,ERROR,system,Connection pool exhausted
2026-04-22 11:01:20,ERROR,auth,Transaction failed
2026-04-22 09:46:45,WARN,db,Network latency high
2026-04-22 12:07:20,ERROR,erp,Payment API failure
2026-04-22 11:11:22,ERROR,network,Connection pool exhausted
2026-04-22 10:52:48,WARN,erp,Multiple failed login attempts
2026-04-22 12:08:20,INFO,payroll,System running normally
2026-04-22 09:47:10,INFO,payment,Transaction processed
2026-04-22 12:09:00,INFO,db,User login successful
2026-04-22 10:15:44,INFO,security,Batch job completed
2026-04-22 10:06:23,INFO,system,Transaction processed
2026-04-22 11:41:30,INFO,erp,Batch job completed
2026-04-22 11:41:47,WARN,payroll,Disk nearing capacity
2026-04-22 10:16:16,ERROR,erp,Connection pool exhausted
2026-04-22 10:25:57,INFO,payroll,Transaction processed
2026-04-22 09:57:24,WARN,payment,High memory usage
2026-04-22 09:47:55,INFO,security,System running normally
2026-04-22 11:04:48,ERROR,db,Transaction failed
2026-04-22 10:16:56,ERROR,system,Unauthorized access attempt
2026-04-22 10:07:26,INFO,payment,Batch job completed
2026-04-22 10:46:09,ERROR,network,Connection pool exhausted
2026-04-22 11:25:00,INFO,security,Batch job completed
2026-04-22 11:44:37,WARN,db,Disk nearing capacity
2026-04-22 10:07:54,WARN,system,Disk nearing capacity
2026-04-22 10:27:27,ERROR,security,Unauthorized access attempt
2026-04-22 10:08:08,WARN,erp,High memory usage
2026-04-22 10:27:45,INFO,erp,Transaction processed
2026-04-22 12:05:34,INFO,system,Transaction processed
2026-04-22 11:07:11,ERROR,network,Unauthorized access attempt
2026-04-22 09:58:48,INFO,security,Batch job completed
2026-04-22 09:49:05,WARN,system,Multiple failed login attempts
2026-04-22 12:16:40,WARN,security,High memory usage
2026-04-22 10:48:21,WARN,payroll,Disk nearing capacity
2026-04-22 12:17:20,ERROR,network,Transaction failed
2026-04-22 11:28:15,ERROR,payroll,Transaction failed
2026-04-22 11:08:42,INFO,network,Batch job completed
2026-04-22 10:59:00,INFO,db,Service restarted
2026-04-22 10:09:32,WARN,payroll,Disk nearing capacity
2026-04-22 10:39:30,ERROR,system,Connection pool exhausted
2026-04-22 09:49:50,WARN,network,Suspicious IP detected
2026-04-22 10:09:53,ERROR,network,Unauthorized access attempt
2026-04-22 12:00:00,WARN,network,Suspicious IP detected
2026-04-22 10:40:10,INFO,system,User login successful
2026-04-22 11:40:32,INFO,db,User login successful
2026-04-22 12:10:57,INFO,auth,System running normally
2026-04-22 10:20:32,ERROR,network,Payment API failure
2026-04-22 10:00:30,WARN,erp,Disk nearing capacity
2026-04-22 10:51:06,ERROR,network,Transaction failed
2026-04-22 11:51:59,ERROR,security,Unauthorized access attempt
2026-04-22 10:51:28,ERROR,security,Connection pool exhausted
2026-04-22 11:52:33,WARN,payment,Network latency high
2026-04-22 10:11:10,INFO,db,System running normally
2026-04-22 12:23:40,WARN,erp,Suspicious IP detected
2026-04-22 10:21:36,INFO,network,User login successful
2026-04-22 12:24:20,ERROR,security,Connection pool exhausted
2026-04-22 12:14:26,ERROR,erp,Connection pool exhausted
2026-04-22 10:01:30,INFO,erp,Service restarted
2026-04-22 10:22:08,INFO,auth,Transaction processed
2026-04-22 11:23:58,WARN,security,Network latency high
2026-04-22 11:13:54,INFO,network,Transaction processed
2026-04-22 11:14:07,ERROR,network,Transaction failed
2026-04-22 12:06:00,WARN,network,High memory usage
2026-04-22 12:27:00,ERROR,payment,Database timeout
2026-04-22 11:56:14,INFO,db,Service restarted
2026-04-22 11:46:08,WARN,network,Disk nearing capacity
2026-04-22 11:15:12,WARN,security,Suspicious IP detected
2026-04-22 10:12:55,INFO,erp,User login successful
2026-04-22 11:46:56,WARN,erp,High memory usage
2026-04-22 10:54:57,INFO,network,System running normally
2026-04-22 09:52:20,INFO,network,System running normally
2026-04-22 10:44:50,ERROR,network,Payment API failure
2026-04-22 11:16:30,ERROR,db,Connection pool exhausted
2026-04-22 09:52:35,INFO,network,Batch job completed
2026-04-22 11:38:00,WARN,payment,Disk nearing capacity
2026-04-22 12:20:27,ERROR,system,Database timeout
2026-04-22 10:03:24,WARN,network,Suspicious IP detected
2026-04-22 12:10:30,INFO,system,Transaction processed
2026-04-22 11:07:12,WARN,security,Multiple failed login attempts
2026-04-22 11:18:01,INFO,payroll,System running normally
2026-04-22 11:39:30,INFO,payment,Batch job completed
2026-04-22 11:39:45,WARN,auth,Multiple failed login attempts
2026-04-22 10:25:20,ERROR,network,Transaction failed
2026-04-22 11:18:53,INFO,network,Service restarted
2026-04-22 11:19:06,INFO,erp,System running normally
2026-04-22 10:57:53,ERROR,db,Unauthorized access attempt
2026-04-22 12:23:56,ERROR,security,Payment API failure
2026-04-22 11:19:45,WARN,payment,Multiple failed login attempts
2026-04-22 11:52:16,ERROR,db,Payment API failure
2026-04-22 10:04:42,ERROR,security,Connection pool exhausted
2026-04-22 11:09:36,WARN,payment,High memory usage
2026-04-22 11:42:15,INFO,payroll,User login successful
2026-04-22 09:54:10,WARN,payment,Network latency high
2026-04-22 12:26:09,INFO,network,Service restarted
2026-04-22 11:21:16,WARN,erp,High memory usage
2026-04-22 10:37:57,WARN,payment,Network latency high
2026-04-22 11:32:36,ERROR,erp,Connection pool exhausted
2026-04-22 12:38:20,WARN,payment,Multiple failed login attempts
2026-04-22 11:00:16,ERROR,network,Transaction failed
2026-04-22 10:05:42,ERROR,payroll,Payment API failure
2026-04-22 12:17:24,INFO,payroll,User login successful
2026-04-22 12:17:42,ERROR,payroll,Transaction failed
2026-04-22 12:40:00,INFO,network,Batch job completed
2026-04-22 12:18:18,ERROR,db,Payment API failure
2026-04-22 12:07:34,ERROR,payment,Unauthorized access attempt
2026-04-22 12:07:51,INFO,db,Transaction processed
2026-04-22 11:57:04,INFO,db,System running normally
2026-04-22 11:57:20,WARN,payment,Multiple failed login attempts
2026-04-22 12:42:00,INFO,erp,Batch job completed
2026-04-22 10:17:49,ERROR,network,Payment API failure
2026-04-22 10:17:56,WARN,security,Network latency high
2026-04-22 10:40:21,INFO,auth,Batch job completed
2026-04-22 11:25:10,INFO,payment,Service restarted
2026-04-22 10:29:28,ERROR,security,Transaction failed
2026-04-22 10:40:48,WARN,db,Disk nearing capacity
2026-04-22 12:21:54,INFO,payment,User login successful
2026-04-22 11:59:44,ERROR,system,Database timeout
2026-04-22 12:33:45,WARN,erp,Multiple failed login attempts
2026-04-22 12:00:16,ERROR,network,Payment API failure
2026-04-22 10:52:50,ERROR,network,Database timeout
2026-04-22 12:46:00,WARN,payment,High memory usage
2026-04-22 12:23:42,WARN,auth,Suspicious IP detected
2026-04-22 12:24:00,INFO,auth,User login successful
2026-04-22 10:53:30,WARN,system,Multiple failed login attempts
2026-04-22 12:35:58,INFO,db,User login successful
2026-04-22 12:13:31,WARN,erp,Suspicious IP detected
2026-04-22 12:13:48,WARN,network,Network latency high
2026-04-22 11:17:00,ERROR,payment,Unauthorized access attempt
2026-04-22 10:20:02,INFO,payment,User login successful
2026-04-22 10:20:09,INFO,db,Service restarted
2026-04-22 12:26:24,ERROR,security,Unauthorized access attempt
2026-04-22 12:03:44,WARN,auth,Disk nearing capacity
2026-04-22 10:55:00,INFO,db,Batch job completed
2026-04-22 12:27:18,ERROR,db,Transaction failed
2026-04-22 11:18:24,ERROR,network,Database timeout
2026-04-22 12:51:00,WARN,db,Network latency high
2026-04-22 12:39:46,ERROR,db,Database timeout
2026-04-22 10:32:40,ERROR,erp,Unauthorized access attempt
2026-04-22 10:44:24,INFO,system,Batch job completed
2026-04-22 12:17:29,ERROR,payment,Database timeout
2026-04-22 12:52:40,WARN,erp,Suspicious IP detected
2026-04-22 10:21:33,WARN,security,Disk nearing capacity
2026-04-22 12:30:00,INFO,auth,Service restarted
2026-04-22 11:08:31,INFO,network,System running normally
2026-04-22 10:10:12,WARN,erp,High memory usage
2026-04-22 10:10:18,ERROR,system,Transaction failed
2026-04-22 11:09:04,WARN,db,Multiple failed login attempts
2026-04-22 10:45:45,WARN,auth,Suspicious IP detected
2026-04-22 10:10:36,ERROR,payment,Payment API failure
2026-04-22 10:10:42,INFO,network,Transaction processed
2026-04-22 12:56:00,INFO,payment,User login successful
2026-04-22 10:58:10,ERROR,db,Transaction failed
2026-04-22 10:11:00,ERROR,payroll,Connection pool exhausted
2026-04-22 11:10:21,INFO,payment,Service restarted
2026-04-22 11:34:16,INFO,db,System running normally
2026-04-22 10:23:11,WARN,security,Network latency high
2026-04-22 10:11:24,WARN,security,Disk nearing capacity
2026-04-22 10:35:20,ERROR,security,Payment API failure
2026-04-22 10:35:28,INFO,auth,System running normally
2026-04-22 10:47:33,INFO,system,Batch job completed
2026-04-22 10:23:46,INFO,network,System running normally
2026-04-22 10:35:52,INFO,auth,System running normally
2026-04-22 11:00:00,INFO,network,Service restarted
2026-04-22 10:24:07,WARN,db,Network latency high
2026-04-22 10:00:10,INFO,db,Batch job completed
2026-04-22 12:48:57,ERROR,payment,Database timeout
2026-04-22 11:48:56,ERROR,network,Payment API failure
2026-04-22 12:13:20,WARN,erp,High memory usage
2026-04-22 10:48:54,WARN,payroll,Multiple failed login attempts
2026-04-22 13:02:20,WARN,auth,Suspicious IP detected
2026-04-22 12:26:16,ERROR,security,Payment API failure
2026-04-22 11:37:57,WARN,system,High memory usage
2026-04-22 10:00:50,ERROR,payment,Transaction failed
2026-04-22 11:01:50,WARN,auth,Multiple failed login attempts
2026-04-22 11:50:48,WARN,payment,Suspicious IP detected
2026-04-22 12:03:15,WARN,payroll,Suspicious IP detected
2026-04-22 10:13:24,INFO,payment,Transaction processed
2026-04-22 12:40:30,WARN,network,Disk nearing capacity
2026-04-22 11:02:40,WARN,system,High memory usage
2026-04-22 10:13:42,INFO,erp,Transaction processed
2026-04-22 11:15:18,ERROR,network,Unauthorized access attempt
2026-04-22 12:29:23,ERROR,payroll,Database timeout
2026-04-22 10:38:40,INFO,security,Batch job completed
2026-04-22 11:03:30,INFO,system,Batch job completed
2026-04-22 12:42:36,WARN,security,Suspicious IP detected
2026-04-22 10:01:55,WARN,db,Multiple failed login attempts
2026-04-22 10:02:00,ERROR,system,Transaction failed
2026-04-22 11:41:25,ERROR,network,Connection pool exhausted
2026-04-22 12:43:48,INFO,db,Batch job completed
2026-04-22 10:39:36,WARN,payment,Suspicious IP detected
2026-04-22 11:54:32,ERROR,security,Database timeout
2026-04-22 11:42:17,WARN,db,Network latency high
2026-04-22 12:57:30,WARN,system,Disk nearing capacity
2026-04-22 11:05:10,WARN,security,Disk nearing capacity
2026-04-22 10:15:12,INFO,db,System running normally
2026-04-22 12:20:48,INFO,payroll,Transaction processed
2026-04-22 12:58:46,ERROR,payment,Connection pool exhausted
2026-04-22 10:15:30,ERROR,payroll,Database timeout
2026-04-22 12:21:36,ERROR,system,Database timeout
2026-04-22 11:18:47,INFO,payroll,Batch job completed
2026-04-22 11:31:36,ERROR,network,Unauthorized access attempt
2026-04-22 10:15:54,WARN,security,Multiple failed login attempts
2026-04-22 13:00:40,INFO,network,System running normally
2026-04-22 12:10:15,INFO,erp,Service restarted
2026-04-22 11:57:48,WARN,network,High memory usage
2026-04-22 12:48:54,ERROR,security,Payment API failure
2026-04-22 10:41:52,INFO,system,Batch job completed
2026-04-22 13:02:15,WARN,erp,Disk nearing capacity
2026-04-22 10:03:50,INFO,system,Service restarted
2026-04-22 12:37:19,INFO,network,Transaction processed
2026-04-22 10:16:48,INFO,network,Service restarted
2026-04-22 10:16:54,INFO,auth,Batch job completed
2026-04-22 13:16:40,WARN,payroll,Multiple failed login attempts
2026-04-22 12:38:27,WARN,payroll,Network latency high
2026-04-22 11:08:40,INFO,db,Batch job completed
2026-04-22 11:47:29,ERROR,network,Payment API failure
2026-04-22 12:52:12,INFO,erp,Transaction processed
2026-04-22 10:17:30,ERROR,system,Connection pool exhausted
2026-04-22 11:48:08,INFO,system,Service restarted
2026-04-22 12:40:09,INFO,payment,User login successful
2026-04-22 10:17:48,INFO,db,Batch job completed
2026-04-22 11:35:48,WARN,auth,High memory usage
2026-04-22 10:44:00,WARN,payment,Disk nearing capacity
2026-04-22 10:18:06,WARN,db,Multiple failed login attempts
2026-04-22 10:44:16,ERROR,network,Unauthorized access attempt
2026-04-22 10:05:15,ERROR,system,Unauthorized access attempt
2026-04-22 12:42:08,WARN,payment,High memory usage
2026-04-22 12:03:10,ERROR,payment,Connection pool exhausted
2026-04-22 10:31:42,ERROR,erp,Transaction failed
2026-04-22 10:31:49,INFO,security,Batch job completed
2026-04-22 12:43:16,INFO,payroll,User login successful
2026-04-22 10:05:45,INFO,network,System running normally
2026-04-22 10:58:30,WARN,system,Suspicious IP detected
2026-04-22 13:23:40,INFO,db,Service restarted
2026-04-22 12:31:12,WARN,erp,Suspicious IP detected
2026-04-22 12:18:15,ERROR,payroll,Database timeout
2026-04-22 11:52:02,INFO,payment,System running normally
2026-04-22 13:25:00,WARN,network,Network latency high
2026-04-22 13:12:04,WARN,system,Multiple failed login attempts
2026-04-22 10:32:59,WARN,security,Network latency high
2026-04-22 12:06:12,INFO,auth,User login successful
2026-04-22 11:39:48,WARN,network,Multiple failed login attempts
2026-04-22 11:26:40,INFO,payment,Service restarted
2026-04-22 10:46:48,ERROR,db,Connection pool exhausted
2026-04-22 13:27:20,ERROR,erp,Database timeout
2026-04-22 10:06:55,INFO,erp,User login successful
2026-04-22 11:27:24,INFO,payment,Batch job completed
2026-04-22 12:21:15,ERROR,auth,Database timeout
2026-04-22 12:34:56,ERROR,system,Unauthorized access attempt
2026-04-22 13:15:33,INFO,network,User login successful
2026-04-22 11:28:08,INFO,system,Service restarted
2026-04-22 11:01:21,INFO,payroll,User login successful
2026-04-22 10:34:30,ERROR,security,Payment API failure
2026-04-22 11:15:10,WARN,system,Network latency high
2026-04-22 13:03:36,ERROR,erp,Database timeout
2026-04-22 11:15:30,INFO,payroll,System running normally
2026-04-22 12:50:38,WARN,erp,Multiple failed login attempts
2026-04-22 12:37:20,INFO,payroll,Batch job completed
2026-04-22 11:02:24,ERROR,erp,Unauthorized access attempt
2026-04-22 11:29:47,WARN,erp,Suspicious IP detected
2026-04-22 12:24:30,INFO,payment,Batch job completed
2026-04-22 11:16:30,ERROR,payment,Unauthorized access attempt
2026-04-22 10:35:40,ERROR,security,Unauthorized access attempt
2026-04-22 10:22:06,WARN,payroll,High memory usage
2026-04-22 12:25:30,ERROR,erp,Transaction failed
2026-04-22 11:03:27,INFO,erp,User login successful
2026-04-22 12:12:16,ERROR,auth,Unauthorized access attempt
2026-04-22 10:08:45,ERROR,erp,Transaction failed
2026-04-22 11:03:54,WARN,network,Disk nearing capacity
2026-04-22 10:36:29,INFO,payment,Batch job completed
2026-04-22 10:09:00,ERROR,payroll,Payment API failure
2026-04-22 11:31:59,INFO,auth,Transaction processed
2026-04-22 11:46:00,ERROR,erp,Unauthorized access attempt
2026-04-22 12:27:45,INFO,erp,Batch job completed
2026-04-22 12:55:44,WARN,network,Suspicious IP detected
2026-04-22 10:37:11,WARN,payment,Multiple failed login attempts
2026-04-22 11:19:00,WARN,network,High memory usage
2026-04-22 12:28:45,INFO,erp,Batch job completed
2026-04-22 11:05:24,ERROR,erp,Transaction failed
2026-04-22 13:39:00,INFO,security,Transaction processed
2026-04-22 10:09:50,INFO,system,System running normally
2026-04-22 12:57:43,ERROR,system,Unauthorized access attempt
2026-04-22 11:48:00,INFO,payment,Service restarted
2026-04-22 11:20:10,ERROR,erp,Transaction failed
2026-04-22 12:02:26,WARN,erp,High memory usage
2026-04-22 11:20:30,WARN,security,Multiple failed login attempts
2026-04-22 13:27:16,WARN,security,High memory usage
2026-04-22 13:27:35,INFO,system,Transaction processed
2026-04-22 10:52:48,WARN,security,Disk nearing capacity
2026-04-22 12:31:45,WARN,network,Suspicious IP detected
2026-04-22 10:24:48,ERROR,erp,Connection pool exhausted
2026-04-22 13:00:33,ERROR,payroll,Connection pool exhausted
2026-04-22 10:10:50,INFO,auth,User login successful
2026-04-22 11:50:12,WARN,system,Network latency high
2026-04-22 11:50:24,ERROR,erp,Connection pool exhausted
2026-04-22 13:15:54,INFO,security,Batch job completed
2026-04-22 13:30:26,WARN,auth,Disk nearing capacity
2026-04-22 11:08:15,INFO,db,User login successful
2026-04-22 12:05:28,INFO,payment,Batch job completed
2026-04-22 10:39:59,ERROR,db,Database timeout
2026-04-22 13:17:24,ERROR,system,Connection pool exhausted
2026-04-22 12:49:04,WARN,security,Network latency high
2026-04-22 12:06:20,WARN,network,Disk nearing capacity
2026-04-22 11:37:51,INFO,payment,Transaction processed
2026-04-22 10:54:56,ERROR,erp,Database timeout
2026-04-22 12:06:59,WARN,erp,High memory usage
2026-04-22 13:19:12,INFO,payment,User login successful
2026-04-22 11:24:10,WARN,security,Suspicious IP detected
2026-04-22 12:50:56,INFO,erp,User login successful
2026-04-22 10:41:09,WARN,security,Disk nearing capacity
2026-04-22 10:55:44,INFO,security,Service restarted
2026-04-22 12:08:17,WARN,security,High memory usage
2026-04-22 10:41:30,WARN,payroll,Disk nearing capacity
2026-04-22 11:10:39,WARN,payroll,Network latency high
2026-04-22 11:10:48,INFO,auth,Service restarted
2026-04-22 12:23:42,WARN,payroll,Multiple failed login attempts
2026-04-22 13:22:12,ERROR,db,Database timeout
2026-04-22 13:22:30,WARN,security,Multiple failed login attempts
2026-04-22 11:40:36,WARN,system,Multiple failed login attempts
2026-04-22 11:26:10,ERROR,security,Payment API failure
2026-04-22 13:23:24,ERROR,security,Transaction failed
2026-04-22 12:25:06,WARN,security,High memory usage
2026-04-22 11:56:00,INFO,network,System running normally
2026-04-22 11:56:12,ERROR,db,Database timeout
2026-04-22 10:13:30,WARN,system,High memory usage
2026-04-22 13:10:11,WARN,payment,Multiple failed login attempts
2026-04-22 13:39:56,INFO,erp,User login successful
2026-04-22 10:13:45,ERROR,payment,Unauthorized access attempt
2026-04-22 12:41:30,WARN,payroll,High memory usage
2026-04-22 12:56:32,WARN,payroll,Network latency high
2026-04-22 12:56:48,WARN,system,Suspicious IP detected
2026-04-22 11:28:10,INFO,payment,Batch job completed
2026-04-22 10:43:50,WARN,auth,Disk nearing capacity
2026-04-22 10:58:48,ERROR,auth,Connection pool exhausted
2026-04-22 10:58:56,ERROR,system,Connection pool exhausted
2026-04-22 11:43:43,WARN,system,Disk nearing capacity
2026-04-22 11:43:54,ERROR,db,Database timeout
2026-04-22 11:14:15,WARN,erp,Disk nearing capacity
2026-04-22 11:14:24,WARN,payroll,Disk nearing capacity
2026-04-22 12:44:15,INFO,system,System running normally
2026-04-22 10:44:46,INFO,db,Batch job completed
2026-04-22 13:44:41,WARN,erp,Multiple failed login attempts
2026-04-22 12:30:00,WARN,network,High memory usage
2026-04-22 11:45:11,ERROR,payroll,Connection pool exhausted
2026-04-22 10:15:10,WARN,security,High memory usage
2026-04-22 10:15:15,ERROR,network,Payment API failure
2026-04-22 12:30:56,ERROR,auth,Connection pool exhausted
2026-04-22 13:31:30,ERROR,auth,Connection pool exhausted
2026-04-22 12:01:12,WARN,payroll,Multiple failed login attempts
2026-04-22 12:01:24,INFO,auth,Transaction processed
2026-04-22 13:17:16,ERROR,erp,Payment API failure
2026-04-22 11:16:21,INFO,payment,Transaction processed
2026-04-22 10:46:10,WARN,erp,High memory usage
2026-04-22 11:01:28,INFO,security,Batch job completed
2026-04-22 13:18:24,WARN,auth,Network latency high
2026-04-22 14:04:20,WARN,auth,Disk nearing capacity
2026-04-22 12:18:02,ERROR,payment,Payment API failure
2026-04-22 12:18:15,WARN,payroll,Disk nearing capacity
2026-04-22 10:46:52,INFO,auth,Service restarted
2026-04-22 12:49:15,ERROR,system,Connection pool exhausted
2026-04-22 11:02:24,ERROR,erp,Payment API failure
2026-04-22 10:47:13,INFO,payroll,User login successful
2026-04-22 13:36:00,ERROR,network,Payment API failure
2026-04-22 12:04:12,INFO,db,Service restarted
2026-04-22 11:49:02,ERROR,auth,Connection pool exhausted
2026-04-22 10:16:55,ERROR,system,Database timeout
2026-04-22 11:18:36,WARN,db,High memory usage
2026-04-22 12:05:00,ERROR,payment,Connection pool exhausted
2026-04-22 12:36:04,INFO,security,User login successful
2026-04-22 12:51:45,INFO,erp,User login successful
2026-04-22 11:50:08,WARN,payroll,Disk nearing capacity
2026-04-22 12:05:48,ERROR,system,Unauthorized access attempt
2026-04-22 12:37:00,INFO,system,User login successful
2026-04-22 13:39:18,ERROR,system,Transaction failed
2026-04-22 13:55:08,INFO,auth,Service restarted
2026-04-22 10:48:51,INFO,payment,User login successful
2026-04-22 11:35:40,ERROR,network,Database timeout
2026-04-22 12:53:45,ERROR,payroll,Unauthorized access attempt
2026-04-22 13:25:12,INFO,network,Service restarted
2026-04-22 13:41:06,WARN,network,Multiple failed login attempts
2026-04-22 13:25:46,INFO,system,Batch job completed
2026-04-22 11:36:30,ERROR,network,Connection pool exhausted
2026-04-22 11:05:20,INFO,system,System running normally
2026-04-22 11:36:50,ERROR,payment,Connection pool exhausted
2026-04-22 11:05:36,WARN,network,Multiple failed login attempts
2026-04-22 12:08:36,INFO,network,User login successful
2026-04-22 10:50:08,ERROR,payroll,Connection pool exhausted
2026-04-22 11:21:45,ERROR,auth,Transaction failed
2026-04-22 14:15:20,WARN,payroll,Disk nearing capacity
2026-04-22 10:34:42,WARN,db,Disk nearing capacity
2026-04-22 11:06:24,ERROR,payment,Payment API failure
2026-04-22 10:19:05,INFO,payroll,User login successful
2026-04-22 14:16:40,INFO,payment,Service restarted
2026-04-22 13:29:27,INFO,network,User login successful
2026-04-22 11:38:40,WARN,db,High memory usage
2026-04-22 11:07:04,WARN,network,Suspicious IP detected
2026-04-22 12:42:36,INFO,db,Service restarted
2026-04-22 12:26:55,INFO,erp,Batch job completed
2026-04-22 12:27:08,WARN,db,High memory usage
2026-04-22 14:03:03,INFO,security,Transaction processed
2026-04-22 12:27:34,WARN,auth,Multiple failed login attempts
2026-04-22 10:35:54,WARN,erp,Multiple failed login attempts
2026-04-22 12:12:00,WARN,db,Suspicious IP detected
2026-04-22 14:20:20,WARN,payment,Suspicious IP detected
2026-04-22 11:40:20,ERROR,payroll,Transaction failed
2026-04-22 12:44:42,ERROR,auth,Transaction failed
2026-04-22 11:56:44,WARN,payment,Suspicious IP detected
2026-04-22 14:21:40,INFO,system,System running normally
2026-04-22 12:13:12,INFO,security,Transaction processed
2026-04-22 11:57:17,WARN,auth,Network latency high
2026-04-22 10:52:56,ERROR,erp,Connection pool exhausted
2026-04-22 13:50:42,INFO,payroll,User login successful
2026-04-22 12:14:00,INFO,system,Transaction processed
2026-04-22 14:07:29,WARN,db,Disk nearing capacity
2026-04-22 12:30:36,INFO,db,Service restarted
2026-04-22 14:24:20,ERROR,system,Unauthorized access attempt
2026-04-22 10:53:38,INFO,network,User login successful
2026-04-22 13:52:30,INFO,erp,Batch job completed
2026-04-22 14:09:04,INFO,payroll,Batch job completed
2026-04-22 13:53:06,ERROR,security,Database timeout
2026-04-22 13:20:48,WARN,payment,High memory usage
2026-04-22 13:37:23,ERROR,erp,Payment API failure
2026-04-22 13:54:00,ERROR,payment,Database timeout
2026-04-22 12:32:33,WARN,payment,High memory usage
2026-04-22 12:49:08,ERROR,payroll,Payment API failure
2026-04-22 12:16:36,WARN,db,High memory usage
2026-04-22 11:44:00,ERROR,payment,Database timeout
2026-04-22 11:27:45,WARN,system,Network latency high
2026-04-22 11:27:54,ERROR,payroll,Connection pool exhausted
2026-04-22 13:06:45,ERROR,security,Connection pool exhausted
2026-04-22 12:17:36,INFO,payment,User login successful
2026-04-22 13:23:44,INFO,network,System running normally
2026-04-22 13:24:00,ERROR,db,Unauthorized access attempt
2026-04-22 13:40:47,WARN,payment,Disk nearing capacity
2026-04-22 12:34:56,INFO,network,Batch job completed
2026-04-22 14:14:27,WARN,auth,Multiple failed login attempts
2026-04-22 12:51:56,ERROR,system,Connection pool exhausted
2026-04-22 11:29:15,ERROR,erp,Connection pool exhausted
2026-04-22 13:58:48,WARN,security,High memory usage
2026-04-22 10:39:42,ERROR,system,Unauthorized access attempt
2026-04-22 14:32:40,WARN,network,Disk nearing capacity
2026-04-22 13:43:03,INFO,security,Transaction processed
